--
-- PostgreSQL database dump
--

\restrict PXgj3aNqTh354RMfRa9Okh7m4hrur7a0sahbKtnd8qU0TdSV9ObKVpAKCDuaBYh

-- Dumped from database version 15.15
-- Dumped by pg_dump version 15.15

SET statement_timeout = 0;
SET lock_timeout = 0;
SET idle_in_transaction_session_timeout = 0;
SET client_encoding = 'UTF8';
SET standard_conforming_strings = on;
SELECT pg_catalog.set_config('search_path', '', false);
SET check_function_bodies = false;
SET xmloption = content;
SET client_min_messages = warning;
SET row_security = off;

SET default_tablespace = '';

SET default_table_access_method = heap;

--
-- Name: auth_group; Type: TABLE; Schema: public; Owner: yogauser
--

CREATE TABLE public.auth_group (
    id integer NOT NULL,
    name character varying(150) NOT NULL
);


ALTER TABLE public.auth_group OWNER TO yogauser;

--
-- Name: auth_group_id_seq; Type: SEQUENCE; Schema: public; Owner: yogauser
--

ALTER TABLE public.auth_group ALTER COLUMN id ADD GENERATED BY DEFAULT AS IDENTITY (
    SEQUENCE NAME public.auth_group_id_seq
    START WITH 1
    INCREMENT BY 1
    NO MINVALUE
    NO MAXVALUE
    CACHE 1
);


--
-- Name: auth_group_permissions; Type: TABLE; Schema: public; Owner: yogauser
--

CREATE TABLE public.auth_group_permissions (
    id bigint NOT NULL,
    group_id integer NOT NULL,
    permission_id integer NOT NULL
);


ALTER TABLE public.auth_group_permissions OWNER TO yogauser;

--
-- Name: auth_group_permissions_id_seq; Type: SEQUENCE; Schema: public; Owner: yogauser
--

ALTER TABLE public.auth_group_permissions ALTER COLUMN id ADD GENERATED BY DEFAULT AS IDENTITY (
    SEQUENCE NAME public.auth_group_permissions_id_seq
    START WITH 1
    INCREMENT BY 1
    NO MINVALUE
    NO MAXVALUE
    CACHE 1
);


--
-- Name: auth_permission; Type: TABLE; Schema: public; Owner: yogauser
--

CREATE TABLE public.auth_permission (
    id integer NOT NULL,
    name character varying(255) NOT NULL,
    content_type_id integer NOT NULL,
    codename character varying(100) NOT NULL
);


ALTER TABLE public.auth_permission OWNER TO yogauser;

--
-- Name: auth_permission_id_seq; Type: SEQUENCE; Schema: public; Owner: yogauser
--

ALTER TABLE public.auth_permission ALTER COLUMN id ADD GENERATED BY DEFAULT AS IDENTITY (
    SEQUENCE NAME public.auth_permission_id_seq
    START WITH 1
    INCREMENT BY 1
    NO MINVALUE
    NO MAXVALUE
    CACHE 1
);


--
-- Name: auth_user; Type: TABLE; Schema: public; Owner: yogauser
--

CREATE TABLE public.auth_user (
    id integer NOT NULL,
    password character varying(128) NOT NULL,
    last_login timestamp with time zone,
    is_superuser boolean NOT NULL,
    username character varying(150) NOT NULL,
    first_name character varying(150) NOT NULL,
    last_name character varying(150) NOT NULL,
    email character varying(254) NOT NULL,
    is_staff boolean NOT NULL,
    is_active boolean NOT NULL,
    date_joined timestamp with time zone NOT NULL
);


ALTER TABLE public.auth_user OWNER TO yogauser;

--
-- Name: auth_user_groups; Type: TABLE; Schema: public; Owner: yogauser
--

CREATE TABLE public.auth_user_groups (
    id bigint NOT NULL,
    user_id integer NOT NULL,
    group_id integer NOT NULL
);


ALTER TABLE public.auth_user_groups OWNER TO yogauser;

--
-- Name: auth_user_groups_id_seq; Type: SEQUENCE; Schema: public; Owner: yogauser
--

ALTER TABLE public.auth_user_groups ALTER COLUMN id ADD GENERATED BY DEFAULT AS IDENTITY (
    SEQUENCE NAME public.auth_user_groups_id_seq
    START WITH 1
    INCREMENT BY 1
    NO MINVALUE
    NO MAXVALUE
    CACHE 1
);


--
-- Name: auth_user_id_seq; Type: SEQUENCE; Schema: public; Owner: yogauser
--

ALTER TABLE public.auth_user ALTER COLUMN id ADD GENERATED BY DEFAULT AS IDENTITY (
    SEQUENCE NAME public.auth_user_id_seq
    START WITH 1
    INCREMENT BY 1
    NO MINVALUE
    NO MAXVALUE
    CACHE 1
);


--
-- Name: auth_user_user_permissions; Type: TABLE; Schema: public; Owner: yogauser
--

CREATE TABLE public.auth_user_user_permissions (
    id bigint NOT NULL,
    user_id integer NOT NULL,
    permission_id integer NOT NULL
);


ALTER TABLE public.auth_user_user_permissions OWNER TO yogauser;

--
-- Name: auth_user_user_permissions_id_seq; Type: SEQUENCE; Schema: public; Owner: yogauser
--

ALTER TABLE public.auth_user_user_permissions ALTER COLUMN id ADD GENERATED BY DEFAULT AS IDENTITY (
    SEQUENCE NAME public.auth_user_user_permissions_id_seq
    START WITH 1
    INCREMENT BY 1
    NO MINVALUE
    NO MAXVALUE
    CACHE 1
);


--
-- Name: axes_accessattempt; Type: TABLE; Schema: public; Owner: yogauser
--

CREATE TABLE public.axes_accessattempt (
    id integer NOT NULL,
    user_agent character varying(255) NOT NULL,
    ip_address inet,
    username character varying(255),
    http_accept character varying(1025) NOT NULL,
    path_info character varying(255) NOT NULL,
    attempt_time timestamp with time zone NOT NULL,
    get_data text NOT NULL,
    post_data text NOT NULL,
    failures_since_start integer NOT NULL,
    CONSTRAINT axes_accessattempt_failures_since_start_check CHECK ((failures_since_start >= 0))
);


ALTER TABLE public.axes_accessattempt OWNER TO yogauser;

--
-- Name: axes_accessattempt_id_seq; Type: SEQUENCE; Schema: public; Owner: yogauser
--

ALTER TABLE public.axes_accessattempt ALTER COLUMN id ADD GENERATED BY DEFAULT AS IDENTITY (
    SEQUENCE NAME public.axes_accessattempt_id_seq
    START WITH 1
    INCREMENT BY 1
    NO MINVALUE
    NO MAXVALUE
    CACHE 1
);


--
-- Name: axes_accessattemptexpiration; Type: TABLE; Schema: public; Owner: yogauser
--

CREATE TABLE public.axes_accessattemptexpiration (
    access_attempt_id integer NOT NULL,
    expires_at timestamp with time zone NOT NULL
);


ALTER TABLE public.axes_accessattemptexpiration OWNER TO yogauser;

--
-- Name: axes_accessfailurelog; Type: TABLE; Schema: public; Owner: yogauser
--

CREATE TABLE public.axes_accessfailurelog (
    id integer NOT NULL,
    user_agent character varying(255) NOT NULL,
    ip_address inet,
    username character varying(255),
    http_accept character varying(1025) NOT NULL,
    path_info character varying(255) NOT NULL,
    attempt_time timestamp with time zone NOT NULL,
    locked_out boolean NOT NULL
);


ALTER TABLE public.axes_accessfailurelog OWNER TO yogauser;

--
-- Name: axes_accessfailurelog_id_seq; Type: SEQUENCE; Schema: public; Owner: yogauser
--

ALTER TABLE public.axes_accessfailurelog ALTER COLUMN id ADD GENERATED BY DEFAULT AS IDENTITY (
    SEQUENCE NAME public.axes_accessfailurelog_id_seq
    START WITH 1
    INCREMENT BY 1
    NO MINVALUE
    NO MAXVALUE
    CACHE 1
);


--
-- Name: axes_accesslog; Type: TABLE; Schema: public; Owner: yogauser
--

CREATE TABLE public.axes_accesslog (
    id integer NOT NULL,
    user_agent character varying(255) NOT NULL,
    ip_address inet,
    username character varying(255),
    http_accept character varying(1025) NOT NULL,
    path_info character varying(255) NOT NULL,
    attempt_time timestamp with time zone NOT NULL,
    logout_time timestamp with time zone,
    session_hash character varying(64) NOT NULL
);


ALTER TABLE public.axes_accesslog OWNER TO yogauser;

--
-- Name: axes_accesslog_id_seq; Type: SEQUENCE; Schema: public; Owner: yogauser
--

ALTER TABLE public.axes_accesslog ALTER COLUMN id ADD GENERATED BY DEFAULT AS IDENTITY (
    SEQUENCE NAME public.axes_accesslog_id_seq
    START WITH 1
    INCREMENT BY 1
    NO MINVALUE
    NO MAXVALUE
    CACHE 1
);


--
-- Name: blog_blogpost; Type: TABLE; Schema: public; Owner: yogauser
--

CREATE TABLE public.blog_blogpost (
    id bigint NOT NULL,
    title character varying(200) NOT NULL,
    slug character varying(50) NOT NULL,
    content text NOT NULL,
    excerpt text NOT NULL,
    featured_image character varying(100),
    category character varying(100) NOT NULL,
    published_date timestamp with time zone NOT NULL,
    is_published boolean NOT NULL,
    created_at timestamp with time zone NOT NULL,
    updated_at timestamp with time zone NOT NULL,
    author_id integer NOT NULL
);


ALTER TABLE public.blog_blogpost OWNER TO yogauser;

--
-- Name: blog_blogpost_id_seq; Type: SEQUENCE; Schema: public; Owner: yogauser
--

ALTER TABLE public.blog_blogpost ALTER COLUMN id ADD GENERATED BY DEFAULT AS IDENTITY (
    SEQUENCE NAME public.blog_blogpost_id_seq
    START WITH 1
    INCREMENT BY 1
    NO MINVALUE
    NO MAXVALUE
    CACHE 1
);


--
-- Name: blog_pricingplan; Type: TABLE; Schema: public; Owner: yogauser
--

CREATE TABLE public.blog_pricingplan (
    id bigint NOT NULL,
    name character varying(100) NOT NULL,
    price numeric(10,2) NOT NULL,
    period character varying(50) NOT NULL,
    description text NOT NULL,
    features text NOT NULL,
    is_popular boolean NOT NULL,
    is_active boolean NOT NULL,
    "order" integer NOT NULL
);


ALTER TABLE public.blog_pricingplan OWNER TO yogauser;

--
-- Name: blog_pricingplan_id_seq; Type: SEQUENCE; Schema: public; Owner: yogauser
--

ALTER TABLE public.blog_pricingplan ALTER COLUMN id ADD GENERATED BY DEFAULT AS IDENTITY (
    SEQUENCE NAME public.blog_pricingplan_id_seq
    START WITH 1
    INCREMENT BY 1
    NO MINVALUE
    NO MAXVALUE
    CACHE 1
);


--
-- Name: blog_testimonial; Type: TABLE; Schema: public; Owner: yogauser
--

CREATE TABLE public.blog_testimonial (
    id bigint NOT NULL,
    client_name character varying(200) NOT NULL,
    profession character varying(200) NOT NULL,
    photo character varying(100),
    testimonial_text text NOT NULL,
    rating integer NOT NULL,
    is_active boolean NOT NULL,
    "order" integer NOT NULL,
    created_at timestamp with time zone NOT NULL
);


ALTER TABLE public.blog_testimonial OWNER TO yogauser;

--
-- Name: blog_testimonial_id_seq; Type: SEQUENCE; Schema: public; Owner: yogauser
--

ALTER TABLE public.blog_testimonial ALTER COLUMN id ADD GENERATED BY DEFAULT AS IDENTITY (
    SEQUENCE NAME public.blog_testimonial_id_seq
    START WITH 1
    INCREMENT BY 1
    NO MINVALUE
    NO MAXVALUE
    CACHE 1
);


--
-- Name: classes_classcategory; Type: TABLE; Schema: public; Owner: yogauser
--

CREATE TABLE public.classes_classcategory (
    id bigint NOT NULL,
    name character varying(100) NOT NULL,
    slug character varying(50) NOT NULL,
    description text NOT NULL,
    "order" integer NOT NULL
);


ALTER TABLE public.classes_classcategory OWNER TO yogauser;

--
-- Name: classes_classcategory_id_seq; Type: SEQUENCE; Schema: public; Owner: yogauser
--

ALTER TABLE public.classes_classcategory ALTER COLUMN id ADD GENERATED BY DEFAULT AS IDENTITY (
    SEQUENCE NAME public.classes_classcategory_id_seq
    START WITH 1
    INCREMENT BY 1
    NO MINVALUE
    NO MAXVALUE
    CACHE 1
);


--
-- Name: classes_yogaclass; Type: TABLE; Schema: public; Owner: yogauser
--

CREATE TABLE public.classes_yogaclass (
    id bigint NOT NULL,
    name character varying(200) NOT NULL,
    slug character varying(50) NOT NULL,
    description text NOT NULL,
    image character varying(100),
    schedule_days character varying(100) NOT NULL,
    schedule_time character varying(50) NOT NULL,
    is_active boolean NOT NULL,
    "order" integer NOT NULL,
    created_at timestamp with time zone NOT NULL,
    updated_at timestamp with time zone NOT NULL,
    category_id bigint NOT NULL
);


ALTER TABLE public.classes_yogaclass OWNER TO yogauser;

--
-- Name: classes_yogaclass_id_seq; Type: SEQUENCE; Schema: public; Owner: yogauser
--

ALTER TABLE public.classes_yogaclass ALTER COLUMN id ADD GENERATED BY DEFAULT AS IDENTITY (
    SEQUENCE NAME public.classes_yogaclass_id_seq
    START WITH 1
    INCREMENT BY 1
    NO MINVALUE
    NO MAXVALUE
    CACHE 1
);


--
-- Name: classes_yogaclass_instructors; Type: TABLE; Schema: public; Owner: yogauser
--

CREATE TABLE public.classes_yogaclass_instructors (
    id bigint NOT NULL,
    yogaclass_id bigint NOT NULL,
    instructor_id bigint NOT NULL
);


ALTER TABLE public.classes_yogaclass_instructors OWNER TO yogauser;

--
-- Name: classes_yogaclass_instructors_id_seq; Type: SEQUENCE; Schema: public; Owner: yogauser
--

ALTER TABLE public.classes_yogaclass_instructors ALTER COLUMN id ADD GENERATED BY DEFAULT AS IDENTITY (
    SEQUENCE NAME public.classes_yogaclass_instructors_id_seq
    START WITH 1
    INCREMENT BY 1
    NO MINVALUE
    NO MAXVALUE
    CACHE 1
);


--
-- Name: contact_contactmessage; Type: TABLE; Schema: public; Owner: yogauser
--

CREATE TABLE public.contact_contactmessage (
    id bigint NOT NULL,
    name character varying(200) NOT NULL,
    email character varying(254) NOT NULL,
    subject character varying(200) NOT NULL,
    message text NOT NULL,
    created_at timestamp with time zone NOT NULL,
    is_read boolean NOT NULL
);


ALTER TABLE public.contact_contactmessage OWNER TO yogauser;

--
-- Name: contact_contactmessage_id_seq; Type: SEQUENCE; Schema: public; Owner: yogauser
--

ALTER TABLE public.contact_contactmessage ALTER COLUMN id ADD GENERATED BY DEFAULT AS IDENTITY (
    SEQUENCE NAME public.contact_contactmessage_id_seq
    START WITH 1
    INCREMENT BY 1
    NO MINVALUE
    NO MAXVALUE
    CACHE 1
);


--
-- Name: core_businesssettings; Type: TABLE; Schema: public; Owner: yogauser
--

CREATE TABLE public.core_businesssettings (
    id bigint NOT NULL,
    business_name character varying(200) NOT NULL,
    phone character varying(20) NOT NULL,
    email character varying(254) NOT NULL,
    address text NOT NULL,
    schedule character varying(100) NOT NULL,
    facebook_url character varying(200) NOT NULL,
    instagram_url character varying(200) NOT NULL,
    twitter_url character varying(200) NOT NULL,
    whatsapp_number character varying(20) NOT NULL,
    hero_title character varying(200) NOT NULL,
    hero_subtitle text NOT NULL,
    about_title character varying(200) NOT NULL,
    about_text text NOT NULL,
    notification_email character varying(254) NOT NULL,
    send_email_notifications boolean NOT NULL
);


ALTER TABLE public.core_businesssettings OWNER TO yogauser;

--
-- Name: core_businesssettings_id_seq; Type: SEQUENCE; Schema: public; Owner: yogauser
--

ALTER TABLE public.core_businesssettings ALTER COLUMN id ADD GENERATED BY DEFAULT AS IDENTITY (
    SEQUENCE NAME public.core_businesssettings_id_seq
    START WITH 1
    INCREMENT BY 1
    NO MINVALUE
    NO MAXVALUE
    CACHE 1
);


--
-- Name: core_gallery; Type: TABLE; Schema: public; Owner: yogauser
--

CREATE TABLE public.core_gallery (
    id bigint NOT NULL,
    title character varying(200) NOT NULL,
    media_type character varying(10) NOT NULL,
    image character varying(100),
    youtube_url character varying(200) NOT NULL,
    description text NOT NULL,
    is_active boolean NOT NULL,
    "order" integer NOT NULL,
    created_at timestamp with time zone NOT NULL
);


ALTER TABLE public.core_gallery OWNER TO yogauser;

--
-- Name: core_gallery_id_seq; Type: SEQUENCE; Schema: public; Owner: yogauser
--

ALTER TABLE public.core_gallery ALTER COLUMN id ADD GENERATED BY DEFAULT AS IDENTITY (
    SEQUENCE NAME public.core_gallery_id_seq
    START WITH 1
    INCREMENT BY 1
    NO MINVALUE
    NO MAXVALUE
    CACHE 1
);


--
-- Name: django_admin_log; Type: TABLE; Schema: public; Owner: yogauser
--

CREATE TABLE public.django_admin_log (
    id integer NOT NULL,
    action_time timestamp with time zone NOT NULL,
    object_id text,
    object_repr character varying(200) NOT NULL,
    action_flag smallint NOT NULL,
    change_message text NOT NULL,
    content_type_id integer,
    user_id integer NOT NULL,
    CONSTRAINT django_admin_log_action_flag_check CHECK ((action_flag >= 0))
);


ALTER TABLE public.django_admin_log OWNER TO yogauser;

--
-- Name: django_admin_log_id_seq; Type: SEQUENCE; Schema: public; Owner: yogauser
--

ALTER TABLE public.django_admin_log ALTER COLUMN id ADD GENERATED BY DEFAULT AS IDENTITY (
    SEQUENCE NAME public.django_admin_log_id_seq
    START WITH 1
    INCREMENT BY 1
    NO MINVALUE
    NO MAXVALUE
    CACHE 1
);


--
-- Name: django_content_type; Type: TABLE; Schema: public; Owner: yogauser
--

CREATE TABLE public.django_content_type (
    id integer NOT NULL,
    app_label character varying(100) NOT NULL,
    model character varying(100) NOT NULL
);


ALTER TABLE public.django_content_type OWNER TO yogauser;

--
-- Name: django_content_type_id_seq; Type: SEQUENCE; Schema: public; Owner: yogauser
--

ALTER TABLE public.django_content_type ALTER COLUMN id ADD GENERATED BY DEFAULT AS IDENTITY (
    SEQUENCE NAME public.django_content_type_id_seq
    START WITH 1
    INCREMENT BY 1
    NO MINVALUE
    NO MAXVALUE
    CACHE 1
);


--
-- Name: django_migrations; Type: TABLE; Schema: public; Owner: yogauser
--

CREATE TABLE public.django_migrations (
    id bigint NOT NULL,
    app character varying(255) NOT NULL,
    name character varying(255) NOT NULL,
    applied timestamp with time zone NOT NULL
);


ALTER TABLE public.django_migrations OWNER TO yogauser;

--
-- Name: django_migrations_id_seq; Type: SEQUENCE; Schema: public; Owner: yogauser
--

ALTER TABLE public.django_migrations ALTER COLUMN id ADD GENERATED BY DEFAULT AS IDENTITY (
    SEQUENCE NAME public.django_migrations_id_seq
    START WITH 1
    INCREMENT BY 1
    NO MINVALUE
    NO MAXVALUE
    CACHE 1
);


--
-- Name: django_session; Type: TABLE; Schema: public; Owner: yogauser
--

CREATE TABLE public.django_session (
    session_key character varying(40) NOT NULL,
    session_data text NOT NULL,
    expire_date timestamp with time zone NOT NULL
);


ALTER TABLE public.django_session OWNER TO yogauser;

--
-- Name: instructors_instructor; Type: TABLE; Schema: public; Owner: yogauser
--

CREATE TABLE public.instructors_instructor (
    id bigint NOT NULL,
    name character varying(200) NOT NULL,
    slug character varying(50) NOT NULL,
    bio text NOT NULL,
    specialization character varying(200) NOT NULL,
    photo character varying(100),
    facebook character varying(200) NOT NULL,
    instagram character varying(200) NOT NULL,
    twitter character varying(200) NOT NULL,
    linkedin character varying(200) NOT NULL,
    "order" integer NOT NULL,
    is_active boolean NOT NULL,
    created_at timestamp with time zone NOT NULL,
    updated_at timestamp with time zone NOT NULL
);


ALTER TABLE public.instructors_instructor OWNER TO yogauser;

--
-- Name: instructors_instructor_id_seq; Type: SEQUENCE; Schema: public; Owner: yogauser
--

ALTER TABLE public.instructors_instructor ALTER COLUMN id ADD GENERATED BY DEFAULT AS IDENTITY (
    SEQUENCE NAME public.instructors_instructor_id_seq
    START WITH 1
    INCREMENT BY 1
    NO MINVALUE
    NO MAXVALUE
    CACHE 1
);


--
-- Data for Name: auth_group; Type: TABLE DATA; Schema: public; Owner: yogauser
--

COPY public.auth_group (id, name) FROM stdin;
\.


--
-- Data for Name: auth_group_permissions; Type: TABLE DATA; Schema: public; Owner: yogauser
--

COPY public.auth_group_permissions (id, group_id, permission_id) FROM stdin;
\.


--
-- Data for Name: auth_permission; Type: TABLE DATA; Schema: public; Owner: yogauser
--

COPY public.auth_permission (id, name, content_type_id, codename) FROM stdin;
1	Can add log entry	1	add_logentry
2	Can change log entry	1	change_logentry
3	Can delete log entry	1	delete_logentry
4	Can view log entry	1	view_logentry
5	Can add permission	2	add_permission
6	Can change permission	2	change_permission
7	Can delete permission	2	delete_permission
8	Can view permission	2	view_permission
9	Can add group	3	add_group
10	Can change group	3	change_group
11	Can delete group	3	delete_group
12	Can view group	3	view_group
13	Can add user	4	add_user
14	Can change user	4	change_user
15	Can delete user	4	delete_user
16	Can view user	4	view_user
17	Can add content type	5	add_contenttype
18	Can change content type	5	change_contenttype
19	Can delete content type	5	delete_contenttype
20	Can view content type	5	view_contenttype
21	Can add session	6	add_session
22	Can change session	6	change_session
23	Can delete session	6	delete_session
24	Can view session	6	view_session
25	Can add Configuración del Negocio	7	add_businesssettings
26	Can change Configuración del Negocio	7	change_businesssettings
27	Can delete Configuración del Negocio	7	delete_businesssettings
28	Can view Configuración del Negocio	7	view_businesssettings
29	Can add Elemento de Galería	8	add_gallery
30	Can change Elemento de Galería	8	change_gallery
31	Can delete Elemento de Galería	8	delete_gallery
32	Can view Elemento de Galería	8	view_gallery
33	Can add Disciplina / Categoría	9	add_classcategory
34	Can change Disciplina / Categoría	9	change_classcategory
35	Can delete Disciplina / Categoría	9	delete_classcategory
36	Can view Disciplina / Categoría	9	view_classcategory
37	Can add Clase de Yoga	10	add_yogaclass
38	Can change Clase de Yoga	10	change_yogaclass
39	Can delete Clase de Yoga	10	delete_yogaclass
40	Can view Clase de Yoga	10	view_yogaclass
41	Can add Instructor	11	add_instructor
42	Can change Instructor	11	change_instructor
43	Can delete Instructor	11	delete_instructor
44	Can view Instructor	11	view_instructor
45	Can add Plan de Precios	12	add_pricingplan
46	Can change Plan de Precios	12	change_pricingplan
47	Can delete Plan de Precios	12	delete_pricingplan
48	Can view Plan de Precios	12	view_pricingplan
49	Can add Testimonio	13	add_testimonial
50	Can change Testimonio	13	change_testimonial
51	Can delete Testimonio	13	delete_testimonial
52	Can view Testimonio	13	view_testimonial
53	Can add Post del Blog	14	add_blogpost
54	Can change Post del Blog	14	change_blogpost
55	Can delete Post del Blog	14	delete_blogpost
56	Can view Post del Blog	14	view_blogpost
57	Can add Mensaje de Contacto	15	add_contactmessage
58	Can change Mensaje de Contacto	15	change_contactmessage
59	Can delete Mensaje de Contacto	15	delete_contactmessage
60	Can view Mensaje de Contacto	15	view_contactmessage
61	Can add access attempt	16	add_accessattempt
62	Can change access attempt	16	change_accessattempt
63	Can delete access attempt	16	delete_accessattempt
64	Can view access attempt	16	view_accessattempt
65	Can add access log	17	add_accesslog
66	Can change access log	17	change_accesslog
67	Can delete access log	17	delete_accesslog
68	Can view access log	17	view_accesslog
69	Can add access failure	18	add_accessfailurelog
70	Can change access failure	18	change_accessfailurelog
71	Can delete access failure	18	delete_accessfailurelog
72	Can view access failure	18	view_accessfailurelog
73	Can add access attempt expiration	19	add_accessattemptexpiration
74	Can change access attempt expiration	19	change_accessattemptexpiration
75	Can delete access attempt expiration	19	delete_accessattemptexpiration
76	Can view access attempt expiration	19	view_accessattemptexpiration
\.


--
-- Data for Name: auth_user; Type: TABLE DATA; Schema: public; Owner: yogauser
--

COPY public.auth_user (id, password, last_login, is_superuser, username, first_name, last_name, email, is_staff, is_active, date_joined) FROM stdin;
1	pbkdf2_sha256$600000$XAr4PDteHNiuUjq5ZoKfph$29twwrBDDAXMR4MHB4iJ0X5fzLXghrh9hhxEwzysaWI=	2025-12-30 21:44:30.815902+00	t	admin			admin@yogaganesha.com	t	t	2025-12-30 21:28:05.203932+00
2	pbkdf2_sha256$600000$dt8zm37k9HTfhKp9r17SHU$y/q2zop5I7BWbjoZMJiPSjymai931M1n7stfOTzupBk=	2026-02-03 14:45:37.059927+00	t	patri				t	t	2025-12-30 21:51:20+00
\.


--
-- Data for Name: auth_user_groups; Type: TABLE DATA; Schema: public; Owner: yogauser
--

COPY public.auth_user_groups (id, user_id, group_id) FROM stdin;
\.


--
-- Data for Name: auth_user_user_permissions; Type: TABLE DATA; Schema: public; Owner: yogauser
--

COPY public.auth_user_user_permissions (id, user_id, permission_id) FROM stdin;
1	2	1
2	2	2
3	2	3
4	2	4
5	2	5
6	2	6
7	2	7
8	2	8
9	2	9
10	2	10
11	2	11
12	2	12
13	2	13
14	2	14
15	2	15
16	2	16
17	2	17
18	2	18
19	2	19
20	2	20
21	2	21
22	2	22
23	2	23
24	2	24
25	2	25
26	2	26
27	2	27
28	2	28
29	2	29
30	2	30
31	2	31
32	2	32
33	2	33
34	2	34
35	2	35
36	2	36
37	2	37
38	2	38
39	2	39
40	2	40
41	2	41
42	2	42
43	2	43
44	2	44
45	2	45
46	2	46
47	2	47
48	2	48
49	2	49
50	2	50
51	2	51
52	2	52
53	2	53
54	2	54
55	2	55
56	2	56
57	2	57
58	2	58
59	2	59
60	2	60
61	2	61
62	2	62
63	2	63
64	2	64
65	2	65
66	2	66
67	2	67
68	2	68
69	2	69
70	2	70
71	2	71
72	2	72
73	2	73
74	2	74
75	2	75
76	2	76
\.


--
-- Data for Name: axes_accessattempt; Type: TABLE DATA; Schema: public; Owner: yogauser
--

COPY public.axes_accessattempt (id, user_agent, ip_address, username, http_accept, path_info, attempt_time, get_data, post_data, failures_since_start) FROM stdin;
4	Mozilla/5.0 (Linux; Android 10; K) AppleWebKit/537.36 (KHTML, like Gecko) Chrome/143.0.0.0 Mobile Safari/537.36	172.18.0.5	admin	text/html,application/xhtml+xml,application/xml;q=0.9,image/avif,image/webp,image/apng,*/*;q=0.8,application/signed-exchange;v=b3;q=0.7	/admin/login/	2026-02-03 14:45:11.363155+00	next=/admin/	csrfmiddlewaretoken=24RUN6waeao6RUiov2LTNvkeyD3A3v8sUDeSTBxx02fumQe2EWuWUX6mmipZjIOR\nusername=********************\npassword=********************	1
\.


--
-- Data for Name: axes_accessattemptexpiration; Type: TABLE DATA; Schema: public; Owner: yogauser
--

COPY public.axes_accessattemptexpiration (access_attempt_id, expires_at) FROM stdin;
\.


--
-- Data for Name: axes_accessfailurelog; Type: TABLE DATA; Schema: public; Owner: yogauser
--

COPY public.axes_accessfailurelog (id, user_agent, ip_address, username, http_accept, path_info, attempt_time, locked_out) FROM stdin;
\.


--
-- Data for Name: axes_accesslog; Type: TABLE DATA; Schema: public; Owner: yogauser
--

COPY public.axes_accesslog (id, user_agent, ip_address, username, http_accept, path_info, attempt_time, logout_time, session_hash) FROM stdin;
1	Mozilla/5.0 (X11; Ubuntu; Linux x86_64; rv:146.0) Gecko/20100101 Firefox/146.0	172.18.0.5	patri	text/html,application/xhtml+xml,application/xml;q=0.9,*/*;q=0.8	/admin/login/	2025-12-30 21:59:14.138709+00	\N	d3932d6978996815a51277aead108884a62dbb30f33b305746f0e4a218f17d41
2	Mozilla/5.0 (Windows NT 10.0; Win64; x64) AppleWebKit/537.36 (KHTML, like Gecko) Chrome/143.0.0.0 Safari/537.36	172.18.0.5	patri	text/html,application/xhtml+xml,application/xml;q=0.9,image/avif,image/webp,image/apng,*/*;q=0.8,application/signed-exchange;v=b3;q=0.7	/admin/login/	2026-01-01 18:07:20.461735+00	\N	cc4a2c44ba61ef64f9b1d87da9e8a9527381b0d42ac2037527da3b086faf1bfb
3	Mozilla/5.0 (Linux; Android 10; K) AppleWebKit/537.36 (KHTML, like Gecko) Chrome/143.0.0.0 Mobile Safari/537.36	172.18.0.5	patri	text/html,application/xhtml+xml,application/xml;q=0.9,image/avif,image/webp,image/apng,*/*;q=0.8,application/signed-exchange;v=b3;q=0.7	/admin/login/	2026-01-10 20:26:09.76622+00	\N	89356bc8054318ed31734f212561d031d2b1f3f443746f64633f2f38327130ee
4	Mozilla/5.0 (Windows NT 10.0; Win64; x64) AppleWebKit/537.36 (KHTML, like Gecko) Chrome/143.0.0.0 Safari/537.36	172.18.0.5	patri	text/html,application/xhtml+xml,application/xml;q=0.9,image/avif,image/webp,image/apng,*/*;q=0.8,application/signed-exchange;v=b3;q=0.7	/admin/login/	2026-01-15 18:35:06.358445+00	\N	2b6de9e24e9e13a644aedd54183ec8b3f0b79a32a9fc2946cb2870a93729ac0a
5	Mozilla/5.0 (Linux; Android 10; K) AppleWebKit/537.36 (KHTML, like Gecko) Chrome/143.0.0.0 Mobile Safari/537.36	172.18.0.5	patri	text/html,application/xhtml+xml,application/xml;q=0.9,image/avif,image/webp,image/apng,*/*;q=0.8,application/signed-exchange;v=b3;q=0.7	/admin/login/	2026-02-03 14:45:37.046847+00	\N	ae4f2958f7624ed3bcc2db2be19e0c4529d5e2684fa8454d462c604bd55595f0
\.


--
-- Data for Name: blog_blogpost; Type: TABLE DATA; Schema: public; Owner: yogauser
--

COPY public.blog_blogpost (id, title, slug, content, excerpt, featured_image, category, published_date, is_published, created_at, updated_at, author_id) FROM stdin;
1	Beneficios del Yoga para la Salud Mental	beneficios-yoga-salud-mental	El yoga es mucho más que ejercicio físico. Es una práctica holística que integra cuerpo, mente y espíritu. Estudios científicos han demostrado que la práctica regular de yoga puede reducir significativamente los niveles de estrés, ansiedad y depresión...	Descubre cómo la práctica regular de yoga puede mejorar tu bienestar emocional y reducir el estrés.		Salud Mental	2025-12-30 21:28:05.420344+00	t	2025-12-30 21:28:05.420368+00	2025-12-30 21:28:05.420372+00	1
3	La Importancia de la Respiración en Yoga	importancia-respiracion-yoga	La respiración es el puente entre el cuerpo y la mente. En yoga, el pranayama (control de la respiración) es fundamental para profundizar la práctica y obtener todos sus beneficios...	Aprende técnicas de respiración (pranayama) que transformarán tu práctica de yoga.		Técnicas	2025-12-30 21:28:05.432771+00	t	2025-12-30 21:28:05.432798+00	2025-12-30 21:28:05.432804+00	1
4	Dulces palabras de amor	dulces-palabras-de-amor	"Dulces palabras de Amor, Sabiduría del Corazón" es una narración íntima que nos desvela los secretos más personales del autor, espirituales y del alma, que nos guían a través de su recorrido interno.\r\n\r\nEs un libro escrito por José Navarro Ballester, más conocido como Pepe por casi todo el mundo. Él, ha dedicado su vida al Yoga, al autoconocimiento y al desarrollo personal. Este es un libro muy especial escrito desde la sabiduría del corazón. \r\n\r\n📚Tenemos algunos ejemplares a la venta en Ganesha para que disfrutéis de su lectura.	Libro escrito por José Navarro Ballester, profesor de Yoga y fundador del centro de Yoga Ganesha	blog/Screenshot_20260115_195911.jpg	Libro	2026-01-15 19:05:48.438018+00	t	2026-01-15 19:05:48.438055+00	2026-01-15 19:07:39.871286+00	1
5	Biodanza	biodanza	La Biodanza es una invitación a entrar en un viaje único, donde la música y el movimiento te envuelven suavemente, llevándote a soltar tensiones, recuperar tu energía y abrirte a la magia de compartir con los demás.	Descubre la Biodanza en Ganesha	blog/IMG-20250831-WA0045.jpg	Biodanza	2026-01-15 19:20:59.504155+00	t	2026-01-15 19:20:59.50419+00	2026-01-15 19:48:23.545178+00	1
\.


--
-- Data for Name: blog_pricingplan; Type: TABLE DATA; Schema: public; Owner: yogauser
--

COPY public.blog_pricingplan (id, name, price, period, description, features, is_popular, is_active, "order") FROM stdin;
1	Básico	49.00	mes		Acceso a clases grupales\\n4 clases al mes\\nAsesoramiento básico\\nMaterial incluido	f	t	1
2	Estándar	89.00	mes		Acceso ilimitado a clases\\nClases especiales\\nAsesoramiento personalizado\\nMaterial premium\\nDescuentos en talleres	t	t	2
3	Premium	129.00	mes		Todo lo del plan Estándar\\nClases privadas (2/mes)\\nPlan nutricional\\nAcceso a retiros\\nPrioridad en reservas	f	t	3
\.


--
-- Data for Name: blog_testimonial; Type: TABLE DATA; Schema: public; Owner: yogauser
--

COPY public.blog_testimonial (id, client_name, profession, photo, testimonial_text, rating, is_active, "order", created_at) FROM stdin;
1	Bárbara Muñoz	Enfermera		Sigo las clases de Pepe desde hace más de 15 años y sigo sorprendiéndome, no hay dos clases iguales, siempre desde la práctica amable del yoga con los ajustes que nos da Pepe según el nivel y consiguiendo fuerza, flexibilidad y auto conocimiento de mi cuerpo. Ahora me he unido también a las clases de Patricia y he descubierto un fresco y nuevo estilo de yoga que me ha conquistado. Os ánimo a entrar en esta disciplina de la mano de esta gran familia.	5	t	1	2025-12-30 21:28:05.191883+00
2	Pepa Ballester			El centro de yoga Ganesha es mi templo de paz y sobre todo Pepe y Patricia los yoguis de ese centro que son muy humanos y cercanos es super fácil conectar con ellos.\r\nLo recomiendo mil por mil\r\nNAMASTE	5	t	2	2025-12-30 21:28:05.195022+00
3	Alejandra Murcia	Arquitecta		Gran centro con grandes profesionales, siempre tienen muchas actividades diferentes, y las clases de yoga allí son las lo mejores	5	t	3	2025-12-30 21:28:05.199216+00
\.


--
-- Data for Name: classes_classcategory; Type: TABLE DATA; Schema: public; Owner: yogauser
--

COPY public.classes_classcategory (id, name, slug, description, "order") FROM stdin;
9	Acroyoga	acroyoga		4
10	Hatha Vinyasa Flow	hatha-vinyasa-flow		3
8	Hatha Yoga	hatha-yoga		1
11	Yoga suave para adultos mayores	yoga-suave		2
\.


--
-- Data for Name: classes_yogaclass; Type: TABLE DATA; Schema: public; Owner: yogauser
--

COPY public.classes_yogaclass (id, name, slug, description, image, schedule_days, schedule_time, is_active, "order", created_at, updated_at, category_id) FROM stdin;
9	Yoga	Yoga	Trabajarás los principios del Yoga clásico ,con momentos de fluidez y unión entre las asanas a través de la respiración y el movimiento, siguiendo una línea pedagógica a lo largo del curso.		Mar, Jue / Lun, Mié, Jue / Jue	7.30-8.45 / 20.15-21.30 / 19.30-20.45	t	2	2026-01-01 18:46:11.159506+00	2026-01-01 18:56:52.202957+00	10
10	Yoga	yoga	En las clases de Pepe trabajarás los ajustes, la alineación y los principios del Yoga a través de distintos estilos y adaptado a todas las personas.		Mar, Jue / Lun, Mié, Jue / Jue	9.30-11 / 17.45-19.15 / 20-21.30	t	1	2026-01-01 18:55:16.588562+00	2026-01-15 19:23:37.821204+00	8
8	Yoga suave	yoga-suave	Una práctica que se enfoca en movimientos lentos, suaves y relajantes.		Lun, Mié	9:00 - 10:15 / 10.30 - 11.45	t	3	2026-01-01 18:35:08.695003+00	2026-01-15 19:23:37.82871+00	11
11	Acroyoga	acroyoga	Es una práctica que combina Yoga y acrobacia, creando una experiencia única y transformadora. Se seguirá una línea pedagógica para ir avanzando en el aprendizaje a lo largo de todo el curso.		Mar	19.30 - 21:00	t	4	2026-01-01 19:02:49.762452+00	2026-01-15 19:23:37.839394+00	9
\.


--
-- Data for Name: classes_yogaclass_instructors; Type: TABLE DATA; Schema: public; Owner: yogauser
--

COPY public.classes_yogaclass_instructors (id, yogaclass_id, instructor_id) FROM stdin;
12	9	1
13	10	3
14	11	1
15	11	4
16	8	1
\.


--
-- Data for Name: contact_contactmessage; Type: TABLE DATA; Schema: public; Owner: yogauser
--

COPY public.contact_contactmessage (id, name, email, subject, message, created_at, is_read) FROM stdin;
\.


--
-- Data for Name: core_businesssettings; Type: TABLE DATA; Schema: public; Owner: yogauser
--

COPY public.core_businesssettings (id, business_name, phone, email, address, schedule, facebook_url, instagram_url, twitter_url, whatsapp_number, hero_title, hero_subtitle, about_title, about_text, notification_email, send_email_notifications) FROM stdin;
1	Centro de Yoga Ganesha	+34 684342359	yogaganeshavillena@gmail.com	C/ Verónica, 42A, Villena (Alicante) España	8:00 - 20:00	https://www.facebook.com/yogaghanesa.villena.9/?locale=es_ES	https://www.instagram.com/yogaganeshavillena/		+34 684342359	Bienvenido al centro de Yoga Ganesha	Conoce los inmensos beneficios del Yoga para transformar tu vida de manera integral.	Espacio creado para el bienestar físico, mental y espiritual.	En el centro de Yoga Ganesha, llevamos más de 15 años creando un espacio para el desarrollo personal a través del increíble camino del Yoga y su filosofía. Ofrecemos clases regulares para todos los niveles, meditaciones, talleres, charlas y encuentros diversos. Tengas experiencia o no dentro del mundo del Yoga, te acompañamos de la manera más amable posible.	info@yogaganesha.com	f
\.


--
-- Data for Name: core_gallery; Type: TABLE DATA; Schema: public; Owner: yogauser
--

COPY public.core_gallery (id, title, media_type, image, youtube_url, description, is_active, "order", created_at) FROM stdin;
\.


--
-- Data for Name: django_admin_log; Type: TABLE DATA; Schema: public; Owner: yogauser
--

COPY public.django_admin_log (id, action_time, object_id, object_repr, action_flag, change_message, content_type_id, user_id) FROM stdin;
1	2025-12-30 21:50:17.58324+00	6	Yoga Hatha	3		10	1
2	2025-12-30 21:51:20.507991+00	2	patri	1	[{"added": {}}]	4	1
3	2025-12-30 21:51:34.110115+00	2	patri	2	[{"changed": {"fields": ["Staff status", "Superuser status", "User permissions"]}}]	4	1
4	2025-12-30 21:52:15.490067+00	1	Yoga Iyengar	2	[{"changed": {"fields": ["Instructores"]}}]	10	1
5	2025-12-30 21:52:50.471776+00	3	Yoga Vinyasa	2	[{"changed": {"fields": ["Instructores"]}}]	10	1
6	2025-12-30 21:56:26.079551+00	1	Pilates	3		9	1
7	2025-12-30 21:56:26.088166+00	2	Hatha	3		9	1
8	2025-12-30 21:56:26.091226+00	4	Iyengar	3		9	1
9	2025-12-30 21:56:26.093708+00	5	Ashtanga	3		9	1
10	2025-12-30 21:56:26.095694+00	7	Yin	3		9	1
11	2025-12-30 21:58:43.486083+00	3	Yoga Vinyasa	2	[{"changed": {"fields": ["Orden"]}}]	10	1
12	2025-12-30 21:58:43.491989+00	5	Yoga Kundalini	2	[{"changed": {"fields": ["Orden"]}}]	10	1
13	2026-01-01 18:16:05.978563+00	1	Patricia	2	[{"changed": {"fields": ["Especializaci\\u00f3n"]}}]	11	2
14	2026-01-01 18:16:20.645233+00	2	Lucía	3		11	2
15	2026-01-01 18:16:42.461415+00	3	Pepe	2	[{"changed": {"fields": ["Especializaci\\u00f3n"]}}]	11	2
16	2026-01-01 18:17:06.030206+00	4	Jorge	2	[{"changed": {"fields": ["Especializaci\\u00f3n"]}}]	11	2
17	2026-01-01 18:17:13.603792+00	3	Pepe	2	[{"changed": {"fields": ["Orden"]}}]	11	2
18	2026-01-01 18:17:13.610383+00	4	Jorge	2	[{"changed": {"fields": ["Orden"]}}]	11	2
19	2026-01-01 18:21:26.033887+00	3	Acroyoga	2	[{"changed": {"fields": ["Nombre", "Slug", "Instructores", "D\\u00edas", "Horario"]}}]	10	2
20	2026-01-01 18:23:44.888746+00	8	Hatha Yoga	1	[{"added": {}}]	9	2
21	2026-01-01 18:24:00.640783+00	9	Acroyoga	1	[{"added": {}}]	9	2
22	2026-01-01 18:25:43.618022+00	10	Hatha Vinyasa Flow	1	[{"added": {}}]	9	2
23	2026-01-01 18:26:15.215872+00	6	Kundalini	3		9	2
24	2026-01-01 18:26:42.886304+00	3	Vinyasa	3		9	2
25	2026-01-01 18:32:19.663453+00	11	Yoga suave para adultos mayores	1	[{"added": {}}]	9	2
26	2026-01-01 18:32:50.712891+00	9	Acroyoga	2	[{"changed": {"fields": ["Orden"]}}]	9	2
27	2026-01-01 18:32:50.719205+00	10	Hatha Vinyasa Flow	2	[{"changed": {"fields": ["Orden"]}}]	9	2
28	2026-01-01 18:32:50.721+00	8	Hatha Yoga	2	[{"changed": {"fields": ["Orden"]}}]	9	2
29	2026-01-01 18:32:50.723434+00	11	Yoga suave para adultos mayores	2	[{"changed": {"fields": ["Orden"]}}]	9	2
30	2026-01-01 18:35:08.712077+00	8	Yoga suave	1	[{"added": {}}]	10	2
31	2026-01-01 18:46:11.177916+00	9	Yoga	1	[{"added": {}}]	10	2
32	2026-01-01 18:46:43.356435+00	9	Yoga	2	[{"changed": {"fields": ["Instructores", "Orden"]}}]	10	2
33	2026-01-01 18:55:16.6053+00	10	Yoga	1	[{"added": {}}]	10	2
34	2026-01-01 18:56:52.210789+00	9	Yoga	2	[{"changed": {"fields": ["Descripci\\u00f3n"]}}]	10	2
35	2026-01-01 19:02:49.776709+00	11	Acroyoga	1	[{"added": {}}]	10	2
36	2026-01-01 19:03:12.951285+00	8	Yoga suave	2	[{"changed": {"fields": ["Instructores"]}}]	10	2
37	2026-01-01 19:20:12.068684+00	1	Patricia	2	[{"changed": {"fields": ["Biograf\\u00eda"]}}]	11	2
38	2026-01-01 19:27:09.456897+00	4	Jorge	2	[{"changed": {"fields": ["Biograf\\u00eda"]}}]	11	2
39	2026-01-01 19:29:23.507277+00	1	Patricia	2	[{"changed": {"fields": ["Biograf\\u00eda"]}}]	11	2
40	2026-01-01 19:29:33.159583+00	1	Patricia	2	[]	11	2
41	2026-01-01 19:29:48.918014+00	4	Jorge	2	[{"changed": {"fields": ["Biograf\\u00eda"]}}]	11	2
42	2026-01-01 19:46:49.766796+00	3	Pepe	2	[{"changed": {"fields": ["Biograf\\u00eda"]}}]	11	2
43	2026-01-01 19:52:21.837627+00	3	Pepe	2	[{"changed": {"fields": ["Biograf\\u00eda"]}}]	11	2
44	2026-01-01 19:52:56.635544+00	3	Pepe	2	[{"changed": {"fields": ["Biograf\\u00eda"]}}]	11	2
45	2026-01-01 19:54:10.462791+00	3	Pepe	2	[{"changed": {"fields": ["Biograf\\u00eda"]}}]	11	2
46	2026-01-10 20:27:51.01061+00	1	Centro de Yoga Ganesha	2	[{"changed": {"fields": ["Nombre del Negocio", "Tel\\u00e9fono", "Email", "Direcci\\u00f3n"]}}]	7	2
47	2026-01-10 20:33:03.411769+00	1	Bárbara Muñoz - 5★	2	[{"changed": {"fields": ["Nombre del Cliente", "Profesi\\u00f3n", "Testimonio"]}}]	13	2
48	2026-01-10 20:34:32.679882+00	2	Pepa Ballester - 5★	2	[{"changed": {"fields": ["Nombre del Cliente", "Profesi\\u00f3n", "Testimonio"]}}]	13	2
49	2026-01-10 20:35:26.677692+00	3	Alejandra Murcia - 5★	2	[{"changed": {"fields": ["Nombre del Cliente", "Profesi\\u00f3n", "Testimonio"]}}]	13	2
50	2026-01-10 20:42:30.471424+00	1	Patricia	2	[{"changed": {"fields": ["Foto"]}}]	11	2
51	2026-01-10 20:45:08.470897+00	4	Jorge	2	[{"changed": {"fields": ["Foto"]}}]	11	2
52	2026-01-10 20:46:46.738448+00	4	Jorge	2	[{"changed": {"fields": ["Especializaci\\u00f3n"]}}]	11	2
53	2026-01-10 20:51:52.674667+00	3	Pepe	2	[{"changed": {"fields": ["Foto"]}}]	11	2
54	2026-01-10 20:52:21.064551+00	1	Patricia	2	[{"changed": {"fields": ["Especializaci\\u00f3n"]}}]	11	2
55	2026-01-10 20:56:11.664058+00	1	Patricia	2	[{"changed": {"fields": ["Biograf\\u00eda"]}}]	11	2
56	2026-01-10 20:57:41.014395+00	1	Centro de Yoga Ganesha	2	[{"changed": {"fields": ["WhatsApp"]}}]	7	2
57	2026-01-10 21:31:46.712383+00	1	Centro de Yoga Ganesha	2	[{"changed": {"fields": ["T\\u00edtulo Principal", "Subt\\u00edtulo Principal", "T\\u00edtulo Sobre Nosotros", "Texto Sobre Nosotros"]}}]	7	2
58	2026-01-10 21:34:51.51251+00	1	Centro de Yoga Ganesha	2	[{"changed": {"fields": ["T\\u00edtulo Principal"]}}]	7	2
59	2026-01-10 21:39:06.590211+00	1	Centro de Yoga Ganesha	2	[{"changed": {"fields": ["T\\u00edtulo Principal", "Subt\\u00edtulo Principal"]}}]	7	2
60	2026-01-10 21:44:34.878856+00	1	Centro de Yoga Ganesha	2	[{"changed": {"fields": ["T\\u00edtulo Principal", "Subt\\u00edtulo Principal"]}}]	7	2
61	2026-01-10 21:47:33.8344+00	1	Centro de Yoga Ganesha	2	[{"changed": {"fields": ["T\\u00edtulo Principal", "Subt\\u00edtulo Principal", "T\\u00edtulo Sobre Nosotros"]}}]	7	2
62	2026-01-15 18:52:33.854339+00	2	Posturas de Yoga para Principiantes	3		14	2
63	2026-01-15 19:05:48.449261+00	4	Dulces palabras de amor	1	[{"added": {}}]	14	2
64	2026-01-15 19:07:39.880775+00	4	Dulces palabras de amor	2	[{"changed": {"fields": ["Imagen Destacada"]}}]	14	2
65	2026-01-15 19:13:15.100236+00	12	Horario actividades 2025-2026	1	[{"added": {}}]	10	2
66	2026-01-15 19:13:31.451612+00	8	Yoga suave	2	[{"changed": {"fields": ["Orden"]}}]	10	2
67	2026-01-15 19:13:42.04189+00	8	Yoga suave	2	[{"changed": {"fields": ["Orden"]}}]	10	2
68	2026-01-15 19:14:23.184547+00	10	Yoga	2	[{"changed": {"fields": ["Orden"]}}]	10	2
69	2026-01-15 19:14:40.103723+00	8	Yoga suave	2	[]	10	2
70	2026-01-15 19:14:51.14657+00	8	Yoga suave	2	[{"changed": {"fields": ["Orden"]}}]	10	2
71	2026-01-15 19:15:08.367032+00	11	Acroyoga	2	[{"changed": {"fields": ["Orden"]}}]	10	2
72	2026-01-15 19:20:59.508692+00	5	Biodanza	1	[{"added": {}}]	14	2
73	2026-01-15 19:23:20.660609+00	12	Horario actividades 2025-2026	3		10	2
74	2026-01-15 19:23:37.824513+00	10	Yoga	2	[{"changed": {"fields": ["Orden"]}}]	10	2
75	2026-01-15 19:23:37.831674+00	8	Yoga suave	2	[{"changed": {"fields": ["Orden"]}}]	10	2
76	2026-01-15 19:23:37.841684+00	11	Acroyoga	2	[{"changed": {"fields": ["Orden"]}}]	10	2
77	2026-01-15 19:48:14.472913+00	5	Biodanza	2	[{"changed": {"fields": ["Imagen Destacada"]}}]	14	2
78	2026-01-15 19:48:23.548538+00	5	Biodanza	2	[{"changed": {"fields": ["Contenido"]}}]	14	2
\.


--
-- Data for Name: django_content_type; Type: TABLE DATA; Schema: public; Owner: yogauser
--

COPY public.django_content_type (id, app_label, model) FROM stdin;
1	admin	logentry
2	auth	permission
3	auth	group
4	auth	user
5	contenttypes	contenttype
6	sessions	session
7	core	businesssettings
8	core	gallery
9	classes	classcategory
10	classes	yogaclass
11	instructors	instructor
12	blog	pricingplan
13	blog	testimonial
14	blog	blogpost
15	contact	contactmessage
16	axes	accessattempt
17	axes	accesslog
18	axes	accessfailurelog
19	axes	accessattemptexpiration
\.


--
-- Data for Name: django_migrations; Type: TABLE DATA; Schema: public; Owner: yogauser
--

COPY public.django_migrations (id, app, name, applied) FROM stdin;
1	contenttypes	0001_initial	2025-12-30 21:28:01.84533+00
2	auth	0001_initial	2025-12-30 21:28:02.125034+00
3	admin	0001_initial	2025-12-30 21:28:02.175954+00
4	admin	0002_logentry_remove_auto_add	2025-12-30 21:28:02.191387+00
5	admin	0003_logentry_add_action_flag_choices	2025-12-30 21:28:02.210106+00
6	contenttypes	0002_remove_content_type_name	2025-12-30 21:28:02.235552+00
7	auth	0002_alter_permission_name_max_length	2025-12-30 21:28:02.249113+00
8	auth	0003_alter_user_email_max_length	2025-12-30 21:28:02.265112+00
9	auth	0004_alter_user_username_opts	2025-12-30 21:28:02.275962+00
10	auth	0005_alter_user_last_login_null	2025-12-30 21:28:02.285835+00
11	auth	0006_require_contenttypes_0002	2025-12-30 21:28:02.290393+00
12	auth	0007_alter_validators_add_error_messages	2025-12-30 21:28:02.301505+00
13	auth	0008_alter_user_username_max_length	2025-12-30 21:28:02.324008+00
14	auth	0009_alter_user_last_name_max_length	2025-12-30 21:28:02.341406+00
15	auth	0010_alter_group_name_max_length	2025-12-30 21:28:02.359297+00
16	auth	0011_update_proxy_permissions	2025-12-30 21:28:02.372014+00
17	auth	0012_alter_user_first_name_max_length	2025-12-30 21:28:02.389012+00
18	blog	0001_initial	2025-12-30 21:28:02.497304+00
19	instructors	0001_initial	2025-12-30 21:28:02.534677+00
20	classes	0001_initial	2025-12-30 21:28:02.639759+00
21	contact	0001_initial	2025-12-30 21:28:02.65982+00
22	core	0001_initial	2025-12-30 21:28:02.697797+00
23	core	0002_gallery	2025-12-30 21:28:02.723967+00
24	core	0003_businesssettings_notification_email_and_more	2025-12-30 21:28:02.749062+00
25	sessions	0001_initial	2025-12-30 21:28:02.791249+00
26	axes	0001_initial	2025-12-30 21:49:16.552527+00
27	axes	0002_auto_20151217_2044	2025-12-30 21:49:16.651495+00
28	axes	0003_auto_20160322_0929	2025-12-30 21:49:16.671796+00
29	axes	0004_auto_20181024_1538	2025-12-30 21:49:16.692456+00
30	axes	0005_remove_accessattempt_trusted	2025-12-30 21:49:16.704027+00
31	axes	0006_remove_accesslog_trusted	2025-12-30 21:49:16.721496+00
32	axes	0007_alter_accessattempt_unique_together	2025-12-30 21:49:16.761029+00
33	axes	0008_accessfailurelog	2025-12-30 21:49:18.938974+00
34	axes	0009_add_session_hash	2025-12-30 21:49:18.954384+00
35	axes	0010_accessattemptexpiration	2025-12-30 21:49:18.986173+00
\.


--
-- Data for Name: django_session; Type: TABLE DATA; Schema: public; Owner: yogauser
--

COPY public.django_session (session_key, session_data, expire_date) FROM stdin;
27ktd9s0a0vppqh2xviyt3nxxi43xena	.eJxVjMEOwiAQBf-FsyFAWQoevfcbyLKAVA0kpT0Z_9026UGvb2bem3nc1uK3nhY_R3Zlil1-t4D0TPUA8YH13ji1ui5z4IfCT9r51GJ63U7376BgL3vtUAYYDSnQYw4uJxisJiJtJMqIg8iCAK0hUhYGBbtpyYUkMChKGdjnC-mKOFo:1vahkI:HXtS1kCIbx6GmeJZpj_Zj8TjNKwTlo2GwFNLOpYq7So	2026-01-13 21:59:14.151775+00
sn11wk5a54syliqnfz0f65sd7biiqual	.eJxVjMEOwiAQBf-FsyFAWQoevfcbyLKAVA0kpT0Z_9026UGvb2bem3nc1uK3nhY_R3Zlil1-t4D0TPUA8YH13ji1ui5z4IfCT9r51GJ63U7376BgL3vtUAYYDSnQYw4uJxisJiJtJMqIg8iCAK0hUhYGBbtpyYUkMChKGdjnC-mKOFo:1vbN4y:bwVbC1jHCQV_INao8J5RXxyGY-EQYjs7yX1X7nNC7Sw	2026-01-15 18:07:20.484875+00
e7yg2yoypq3doljlwtfue0dqa76s37kf	.eJxVjMEOwiAQBf-FsyFAWQoevfcbyLKAVA0kpT0Z_9026UGvb2bem3nc1uK3nhY_R3Zlil1-t4D0TPUA8YH13ji1ui5z4IfCT9r51GJ63U7376BgL3vtUAYYDSnQYw4uJxisJiJtJMqIg8iCAK0hUhYGBbtpyYUkMChKGdjnC-mKOFo:1vefXF:oMHtVawGRvjEVsKk6sQXhmzJ5vAPYeBkLJzbMqGu5ys	2026-01-24 20:26:09.815065+00
dp01rlgvcodea7ibo6j2am0d3he1ndnj	.eJxVjMEOwiAQBf-FsyFAWQoevfcbyLKAVA0kpT0Z_9026UGvb2bem3nc1uK3nhY_R3Zlil1-t4D0TPUA8YH13ji1ui5z4IfCT9r51GJ63U7376BgL3vtUAYYDSnQYw4uJxisJiJtJMqIg8iCAK0hUhYGBbtpyYUkMChKGdjnC-mKOFo:1vgSBW:vqW9AO-cYdiT3j8fBFndmYz35ZAXSHQWS2t0wkhT3iA	2026-01-29 18:35:06.382213+00
yg9awwexa6euoafwvnlhtsr7m03qvrv1	.eJxVjMEOwiAQBf-FsyFAWQoevfcbyLKAVA0kpT0Z_9026UGvb2bem3nc1uK3nhY_R3Zlil1-t4D0TPUA8YH13ji1ui5z4IfCT9r51GJ63U7376BgL3vtUAYYDSnQYw4uJxisJiJtJMqIg8iCAK0hUhYGBbtpyYUkMChKGdjnC-mKOFo:1vnHer:dF7yjie5lbJgwVYABvYkLIwkePNlOKYsy3m_E_Gd3LQ	2026-02-17 14:45:37.077193+00
\.


--
-- Data for Name: instructors_instructor; Type: TABLE DATA; Schema: public; Owner: yogauser
--

COPY public.instructors_instructor (id, name, slug, bio, specialization, photo, facebook, instagram, twitter, linkedin, "order", is_active, created_at, updated_at) FROM stdin;
4	Jorge	jorge	Jorge descubrió el mundo del Yoga hace más de 12 años. En 2020 hizo su primera formación en Hatha Yoga en Barcelona, siguió formándose en Asthanga Yoga en Valencia y por último en posturas invertidas en Castellón. Conoció el mundo del Acroyoga hace más de 7 años y desde entonces lo integró en su vida. Ha acudido a festivales y eventos nacionales  de Acroyoga y en diciembre de 2024 hizo su primera inmersión de 30 horas en esta disciplina. En la actualidad, imparte talleres y clases regulares junto a Patricia.	Yoga, handstand, Acroyoga	instructors/Screenshot_20260110_214449.jpg					3	t	2025-12-30 21:28:05.057853+00	2026-01-10 20:46:46.735314+00
3	Pepe	pepe	Pepe es profesor de Yoga veterano con más de 25 años de experiencia. Comenzó a practicar Yoga Iyengar en 1993. Realizó su primera formación como instructor  de Hatha Yoga en agosto de 1999, y al año siguiente terminó de formarse como profesor. En 2001 se formó como instructor de Asthanga Vinyasa Yoga. Ha acudido a congresos, talleres y eventos de Yoga en Barcelona, Vigo o Lille (Francia), conociendo a grandes maestros como B.K.S. Iyengar o K. Pattabhi Jois. Desde el año 2000 hasta la actualidad está impartiendo clases de Yoga, por lo que cuenta con una gran experiencia en el campo del Yoga y toda la filosofía que lo envuelve.	Hatha, Iyengar, Ashtanga	instructors/Screenshot_20260110_214955.jpg					2	t	2025-12-30 21:28:05.052497+00	2026-01-10 20:51:52.667893+00
1	Patricia	patricia	Patricia siempre ha estado relacionado con el mundo del Yoga, influenciada por su padre, profesor de Yoga y creador del centro de Yoga Ganesha. En abril de 2024 partió a India, cuna del Yoga, para conocer su filosofía desde dentro y completó durante dos meses la formación de 500 horas de Hatha-Ashtanga Vinyasa flow. Desde septiembre de 2024 está impartiendo clases de Yoga, y en febrero de 2025 comenzó una nueva experiencia como profesora de Yoga suave para adultos mayores (+60). Además, conoció el mundo del Acroyoga en enero del 2024 y desde entonces no ha dejado de practicar y conocer acerca de esta disciplina. En diciembre de 2024 hizo su primera inmersión de Acroyoga de 30 horas y en la actualidad, imparte talleres y clases regulares junto a Jorge.	Hatha Vinyasa Flow, Acroyoga	instructors/IMG-20250406-WA0031.jpg					1	t	2025-12-30 21:28:05.038954+00	2026-01-10 20:56:11.659444+00
\.


--
-- Name: auth_group_id_seq; Type: SEQUENCE SET; Schema: public; Owner: yogauser
--

SELECT pg_catalog.setval('public.auth_group_id_seq', 1, false);


--
-- Name: auth_group_permissions_id_seq; Type: SEQUENCE SET; Schema: public; Owner: yogauser
--

SELECT pg_catalog.setval('public.auth_group_permissions_id_seq', 1, false);


--
-- Name: auth_permission_id_seq; Type: SEQUENCE SET; Schema: public; Owner: yogauser
--

SELECT pg_catalog.setval('public.auth_permission_id_seq', 76, true);


--
-- Name: auth_user_groups_id_seq; Type: SEQUENCE SET; Schema: public; Owner: yogauser
--

SELECT pg_catalog.setval('public.auth_user_groups_id_seq', 1, false);


--
-- Name: auth_user_id_seq; Type: SEQUENCE SET; Schema: public; Owner: yogauser
--

SELECT pg_catalog.setval('public.auth_user_id_seq', 2, true);


--
-- Name: auth_user_user_permissions_id_seq; Type: SEQUENCE SET; Schema: public; Owner: yogauser
--

SELECT pg_catalog.setval('public.auth_user_user_permissions_id_seq', 76, true);


--
-- Name: axes_accessattempt_id_seq; Type: SEQUENCE SET; Schema: public; Owner: yogauser
--

SELECT pg_catalog.setval('public.axes_accessattempt_id_seq', 4, true);


--
-- Name: axes_accessfailurelog_id_seq; Type: SEQUENCE SET; Schema: public; Owner: yogauser
--

SELECT pg_catalog.setval('public.axes_accessfailurelog_id_seq', 1, false);


--
-- Name: axes_accesslog_id_seq; Type: SEQUENCE SET; Schema: public; Owner: yogauser
--

SELECT pg_catalog.setval('public.axes_accesslog_id_seq', 5, true);


--
-- Name: blog_blogpost_id_seq; Type: SEQUENCE SET; Schema: public; Owner: yogauser
--

SELECT pg_catalog.setval('public.blog_blogpost_id_seq', 5, true);


--
-- Name: blog_pricingplan_id_seq; Type: SEQUENCE SET; Schema: public; Owner: yogauser
--

SELECT pg_catalog.setval('public.blog_pricingplan_id_seq', 3, true);


--
-- Name: blog_testimonial_id_seq; Type: SEQUENCE SET; Schema: public; Owner: yogauser
--

SELECT pg_catalog.setval('public.blog_testimonial_id_seq', 3, true);


--
-- Name: classes_classcategory_id_seq; Type: SEQUENCE SET; Schema: public; Owner: yogauser
--

SELECT pg_catalog.setval('public.classes_classcategory_id_seq', 11, true);


--
-- Name: classes_yogaclass_id_seq; Type: SEQUENCE SET; Schema: public; Owner: yogauser
--

SELECT pg_catalog.setval('public.classes_yogaclass_id_seq', 12, true);


--
-- Name: classes_yogaclass_instructors_id_seq; Type: SEQUENCE SET; Schema: public; Owner: yogauser
--

SELECT pg_catalog.setval('public.classes_yogaclass_instructors_id_seq', 19, true);


--
-- Name: contact_contactmessage_id_seq; Type: SEQUENCE SET; Schema: public; Owner: yogauser
--

SELECT pg_catalog.setval('public.contact_contactmessage_id_seq', 1, false);


--
-- Name: core_businesssettings_id_seq; Type: SEQUENCE SET; Schema: public; Owner: yogauser
--

SELECT pg_catalog.setval('public.core_businesssettings_id_seq', 1, false);


--
-- Name: core_gallery_id_seq; Type: SEQUENCE SET; Schema: public; Owner: yogauser
--

SELECT pg_catalog.setval('public.core_gallery_id_seq', 1, false);


--
-- Name: django_admin_log_id_seq; Type: SEQUENCE SET; Schema: public; Owner: yogauser
--

SELECT pg_catalog.setval('public.django_admin_log_id_seq', 78, true);


--
-- Name: django_content_type_id_seq; Type: SEQUENCE SET; Schema: public; Owner: yogauser
--

SELECT pg_catalog.setval('public.django_content_type_id_seq', 19, true);


--
-- Name: django_migrations_id_seq; Type: SEQUENCE SET; Schema: public; Owner: yogauser
--

SELECT pg_catalog.setval('public.django_migrations_id_seq', 35, true);


--
-- Name: instructors_instructor_id_seq; Type: SEQUENCE SET; Schema: public; Owner: yogauser
--

SELECT pg_catalog.setval('public.instructors_instructor_id_seq', 4, true);


--
-- Name: auth_group auth_group_name_key; Type: CONSTRAINT; Schema: public; Owner: yogauser
--

ALTER TABLE ONLY public.auth_group
    ADD CONSTRAINT auth_group_name_key UNIQUE (name);


--
-- Name: auth_group_permissions auth_group_permissions_group_id_permission_id_0cd325b0_uniq; Type: CONSTRAINT; Schema: public; Owner: yogauser
--

ALTER TABLE ONLY public.auth_group_permissions
    ADD CONSTRAINT auth_group_permissions_group_id_permission_id_0cd325b0_uniq UNIQUE (group_id, permission_id);


--
-- Name: auth_group_permissions auth_group_permissions_pkey; Type: CONSTRAINT; Schema: public; Owner: yogauser
--

ALTER TABLE ONLY public.auth_group_permissions
    ADD CONSTRAINT auth_group_permissions_pkey PRIMARY KEY (id);


--
-- Name: auth_group auth_group_pkey; Type: CONSTRAINT; Schema: public; Owner: yogauser
--

ALTER TABLE ONLY public.auth_group
    ADD CONSTRAINT auth_group_pkey PRIMARY KEY (id);


--
-- Name: auth_permission auth_permission_content_type_id_codename_01ab375a_uniq; Type: CONSTRAINT; Schema: public; Owner: yogauser
--

ALTER TABLE ONLY public.auth_permission
    ADD CONSTRAINT auth_permission_content_type_id_codename_01ab375a_uniq UNIQUE (content_type_id, codename);


--
-- Name: auth_permission auth_permission_pkey; Type: CONSTRAINT; Schema: public; Owner: yogauser
--

ALTER TABLE ONLY public.auth_permission
    ADD CONSTRAINT auth_permission_pkey PRIMARY KEY (id);


--
-- Name: auth_user_groups auth_user_groups_pkey; Type: CONSTRAINT; Schema: public; Owner: yogauser
--

ALTER TABLE ONLY public.auth_user_groups
    ADD CONSTRAINT auth_user_groups_pkey PRIMARY KEY (id);


--
-- Name: auth_user_groups auth_user_groups_user_id_group_id_94350c0c_uniq; Type: CONSTRAINT; Schema: public; Owner: yogauser
--

ALTER TABLE ONLY public.auth_user_groups
    ADD CONSTRAINT auth_user_groups_user_id_group_id_94350c0c_uniq UNIQUE (user_id, group_id);


--
-- Name: auth_user auth_user_pkey; Type: CONSTRAINT; Schema: public; Owner: yogauser
--

ALTER TABLE ONLY public.auth_user
    ADD CONSTRAINT auth_user_pkey PRIMARY KEY (id);


--
-- Name: auth_user_user_permissions auth_user_user_permissions_pkey; Type: CONSTRAINT; Schema: public; Owner: yogauser
--

ALTER TABLE ONLY public.auth_user_user_permissions
    ADD CONSTRAINT auth_user_user_permissions_pkey PRIMARY KEY (id);


--
-- Name: auth_user_user_permissions auth_user_user_permissions_user_id_permission_id_14a6b632_uniq; Type: CONSTRAINT; Schema: public; Owner: yogauser
--

ALTER TABLE ONLY public.auth_user_user_permissions
    ADD CONSTRAINT auth_user_user_permissions_user_id_permission_id_14a6b632_uniq UNIQUE (user_id, permission_id);


--
-- Name: auth_user auth_user_username_key; Type: CONSTRAINT; Schema: public; Owner: yogauser
--

ALTER TABLE ONLY public.auth_user
    ADD CONSTRAINT auth_user_username_key UNIQUE (username);


--
-- Name: axes_accessattempt axes_accessattempt_pkey; Type: CONSTRAINT; Schema: public; Owner: yogauser
--

ALTER TABLE ONLY public.axes_accessattempt
    ADD CONSTRAINT axes_accessattempt_pkey PRIMARY KEY (id);


--
-- Name: axes_accessattempt axes_accessattempt_username_ip_address_user_agent_8ea22282_uniq; Type: CONSTRAINT; Schema: public; Owner: yogauser
--

ALTER TABLE ONLY public.axes_accessattempt
    ADD CONSTRAINT axes_accessattempt_username_ip_address_user_agent_8ea22282_uniq UNIQUE (username, ip_address, user_agent);


--
-- Name: axes_accessattemptexpiration axes_accessattemptexpiration_pkey; Type: CONSTRAINT; Schema: public; Owner: yogauser
--

ALTER TABLE ONLY public.axes_accessattemptexpiration
    ADD CONSTRAINT axes_accessattemptexpiration_pkey PRIMARY KEY (access_attempt_id);


--
-- Name: axes_accessfailurelog axes_accessfailurelog_pkey; Type: CONSTRAINT; Schema: public; Owner: yogauser
--

ALTER TABLE ONLY public.axes_accessfailurelog
    ADD CONSTRAINT axes_accessfailurelog_pkey PRIMARY KEY (id);


--
-- Name: axes_accesslog axes_accesslog_pkey; Type: CONSTRAINT; Schema: public; Owner: yogauser
--

ALTER TABLE ONLY public.axes_accesslog
    ADD CONSTRAINT axes_accesslog_pkey PRIMARY KEY (id);


--
-- Name: blog_blogpost blog_blogpost_pkey; Type: CONSTRAINT; Schema: public; Owner: yogauser
--

ALTER TABLE ONLY public.blog_blogpost
    ADD CONSTRAINT blog_blogpost_pkey PRIMARY KEY (id);


--
-- Name: blog_blogpost blog_blogpost_slug_key; Type: CONSTRAINT; Schema: public; Owner: yogauser
--

ALTER TABLE ONLY public.blog_blogpost
    ADD CONSTRAINT blog_blogpost_slug_key UNIQUE (slug);


--
-- Name: blog_pricingplan blog_pricingplan_pkey; Type: CONSTRAINT; Schema: public; Owner: yogauser
--

ALTER TABLE ONLY public.blog_pricingplan
    ADD CONSTRAINT blog_pricingplan_pkey PRIMARY KEY (id);


--
-- Name: blog_testimonial blog_testimonial_pkey; Type: CONSTRAINT; Schema: public; Owner: yogauser
--

ALTER TABLE ONLY public.blog_testimonial
    ADD CONSTRAINT blog_testimonial_pkey PRIMARY KEY (id);


--
-- Name: classes_classcategory classes_classcategory_pkey; Type: CONSTRAINT; Schema: public; Owner: yogauser
--

ALTER TABLE ONLY public.classes_classcategory
    ADD CONSTRAINT classes_classcategory_pkey PRIMARY KEY (id);


--
-- Name: classes_classcategory classes_classcategory_slug_key; Type: CONSTRAINT; Schema: public; Owner: yogauser
--

ALTER TABLE ONLY public.classes_classcategory
    ADD CONSTRAINT classes_classcategory_slug_key UNIQUE (slug);


--
-- Name: classes_yogaclass_instructors classes_yogaclass_instru_yogaclass_id_instructor__4600b44a_uniq; Type: CONSTRAINT; Schema: public; Owner: yogauser
--

ALTER TABLE ONLY public.classes_yogaclass_instructors
    ADD CONSTRAINT classes_yogaclass_instru_yogaclass_id_instructor__4600b44a_uniq UNIQUE (yogaclass_id, instructor_id);


--
-- Name: classes_yogaclass_instructors classes_yogaclass_instructors_pkey; Type: CONSTRAINT; Schema: public; Owner: yogauser
--

ALTER TABLE ONLY public.classes_yogaclass_instructors
    ADD CONSTRAINT classes_yogaclass_instructors_pkey PRIMARY KEY (id);


--
-- Name: classes_yogaclass classes_yogaclass_pkey; Type: CONSTRAINT; Schema: public; Owner: yogauser
--

ALTER TABLE ONLY public.classes_yogaclass
    ADD CONSTRAINT classes_yogaclass_pkey PRIMARY KEY (id);


--
-- Name: classes_yogaclass classes_yogaclass_slug_key; Type: CONSTRAINT; Schema: public; Owner: yogauser
--

ALTER TABLE ONLY public.classes_yogaclass
    ADD CONSTRAINT classes_yogaclass_slug_key UNIQUE (slug);


--
-- Name: contact_contactmessage contact_contactmessage_pkey; Type: CONSTRAINT; Schema: public; Owner: yogauser
--

ALTER TABLE ONLY public.contact_contactmessage
    ADD CONSTRAINT contact_contactmessage_pkey PRIMARY KEY (id);


--
-- Name: core_businesssettings core_businesssettings_pkey; Type: CONSTRAINT; Schema: public; Owner: yogauser
--

ALTER TABLE ONLY public.core_businesssettings
    ADD CONSTRAINT core_businesssettings_pkey PRIMARY KEY (id);


--
-- Name: core_gallery core_gallery_pkey; Type: CONSTRAINT; Schema: public; Owner: yogauser
--

ALTER TABLE ONLY public.core_gallery
    ADD CONSTRAINT core_gallery_pkey PRIMARY KEY (id);


--
-- Name: django_admin_log django_admin_log_pkey; Type: CONSTRAINT; Schema: public; Owner: yogauser
--

ALTER TABLE ONLY public.django_admin_log
    ADD CONSTRAINT django_admin_log_pkey PRIMARY KEY (id);


--
-- Name: django_content_type django_content_type_app_label_model_76bd3d3b_uniq; Type: CONSTRAINT; Schema: public; Owner: yogauser
--

ALTER TABLE ONLY public.django_content_type
    ADD CONSTRAINT django_content_type_app_label_model_76bd3d3b_uniq UNIQUE (app_label, model);


--
-- Name: django_content_type django_content_type_pkey; Type: CONSTRAINT; Schema: public; Owner: yogauser
--

ALTER TABLE ONLY public.django_content_type
    ADD CONSTRAINT django_content_type_pkey PRIMARY KEY (id);


--
-- Name: django_migrations django_migrations_pkey; Type: CONSTRAINT; Schema: public; Owner: yogauser
--

ALTER TABLE ONLY public.django_migrations
    ADD CONSTRAINT django_migrations_pkey PRIMARY KEY (id);


--
-- Name: django_session django_session_pkey; Type: CONSTRAINT; Schema: public; Owner: yogauser
--

ALTER TABLE ONLY public.django_session
    ADD CONSTRAINT django_session_pkey PRIMARY KEY (session_key);


--
-- Name: instructors_instructor instructors_instructor_pkey; Type: CONSTRAINT; Schema: public; Owner: yogauser
--

ALTER TABLE ONLY public.instructors_instructor
    ADD CONSTRAINT instructors_instructor_pkey PRIMARY KEY (id);


--
-- Name: instructors_instructor instructors_instructor_slug_key; Type: CONSTRAINT; Schema: public; Owner: yogauser
--

ALTER TABLE ONLY public.instructors_instructor
    ADD CONSTRAINT instructors_instructor_slug_key UNIQUE (slug);


--
-- Name: auth_group_name_a6ea08ec_like; Type: INDEX; Schema: public; Owner: yogauser
--

CREATE INDEX auth_group_name_a6ea08ec_like ON public.auth_group USING btree (name varchar_pattern_ops);


--
-- Name: auth_group_permissions_group_id_b120cbf9; Type: INDEX; Schema: public; Owner: yogauser
--

CREATE INDEX auth_group_permissions_group_id_b120cbf9 ON public.auth_group_permissions USING btree (group_id);


--
-- Name: auth_group_permissions_permission_id_84c5c92e; Type: INDEX; Schema: public; Owner: yogauser
--

CREATE INDEX auth_group_permissions_permission_id_84c5c92e ON public.auth_group_permissions USING btree (permission_id);


--
-- Name: auth_permission_content_type_id_2f476e4b; Type: INDEX; Schema: public; Owner: yogauser
--

CREATE INDEX auth_permission_content_type_id_2f476e4b ON public.auth_permission USING btree (content_type_id);


--
-- Name: auth_user_groups_group_id_97559544; Type: INDEX; Schema: public; Owner: yogauser
--

CREATE INDEX auth_user_groups_group_id_97559544 ON public.auth_user_groups USING btree (group_id);


--
-- Name: auth_user_groups_user_id_6a12ed8b; Type: INDEX; Schema: public; Owner: yogauser
--

CREATE INDEX auth_user_groups_user_id_6a12ed8b ON public.auth_user_groups USING btree (user_id);


--
-- Name: auth_user_user_permissions_permission_id_1fbb5f2c; Type: INDEX; Schema: public; Owner: yogauser
--

CREATE INDEX auth_user_user_permissions_permission_id_1fbb5f2c ON public.auth_user_user_permissions USING btree (permission_id);


--
-- Name: auth_user_user_permissions_user_id_a95ead1b; Type: INDEX; Schema: public; Owner: yogauser
--

CREATE INDEX auth_user_user_permissions_user_id_a95ead1b ON public.auth_user_user_permissions USING btree (user_id);


--
-- Name: auth_user_username_6821ab7c_like; Type: INDEX; Schema: public; Owner: yogauser
--

CREATE INDEX auth_user_username_6821ab7c_like ON public.auth_user USING btree (username varchar_pattern_ops);


--
-- Name: axes_accessattempt_ip_address_10922d9c; Type: INDEX; Schema: public; Owner: yogauser
--

CREATE INDEX axes_accessattempt_ip_address_10922d9c ON public.axes_accessattempt USING btree (ip_address);


--
-- Name: axes_accessattempt_user_agent_ad89678b; Type: INDEX; Schema: public; Owner: yogauser
--

CREATE INDEX axes_accessattempt_user_agent_ad89678b ON public.axes_accessattempt USING btree (user_agent);


--
-- Name: axes_accessattempt_user_agent_ad89678b_like; Type: INDEX; Schema: public; Owner: yogauser
--

CREATE INDEX axes_accessattempt_user_agent_ad89678b_like ON public.axes_accessattempt USING btree (user_agent varchar_pattern_ops);


--
-- Name: axes_accessattempt_username_3f2d4ca0; Type: INDEX; Schema: public; Owner: yogauser
--

CREATE INDEX axes_accessattempt_username_3f2d4ca0 ON public.axes_accessattempt USING btree (username);


--
-- Name: axes_accessattempt_username_3f2d4ca0_like; Type: INDEX; Schema: public; Owner: yogauser
--

CREATE INDEX axes_accessattempt_username_3f2d4ca0_like ON public.axes_accessattempt USING btree (username varchar_pattern_ops);


--
-- Name: axes_accessfailurelog_ip_address_2e9f5a7f; Type: INDEX; Schema: public; Owner: yogauser
--

CREATE INDEX axes_accessfailurelog_ip_address_2e9f5a7f ON public.axes_accessfailurelog USING btree (ip_address);


--
-- Name: axes_accessfailurelog_user_agent_ea145dda; Type: INDEX; Schema: public; Owner: yogauser
--

CREATE INDEX axes_accessfailurelog_user_agent_ea145dda ON public.axes_accessfailurelog USING btree (user_agent);


--
-- Name: axes_accessfailurelog_user_agent_ea145dda_like; Type: INDEX; Schema: public; Owner: yogauser
--

CREATE INDEX axes_accessfailurelog_user_agent_ea145dda_like ON public.axes_accessfailurelog USING btree (user_agent varchar_pattern_ops);


--
-- Name: axes_accessfailurelog_username_a8b7e8a4; Type: INDEX; Schema: public; Owner: yogauser
--

CREATE INDEX axes_accessfailurelog_username_a8b7e8a4 ON public.axes_accessfailurelog USING btree (username);


--
-- Name: axes_accessfailurelog_username_a8b7e8a4_like; Type: INDEX; Schema: public; Owner: yogauser
--

CREATE INDEX axes_accessfailurelog_username_a8b7e8a4_like ON public.axes_accessfailurelog USING btree (username varchar_pattern_ops);


--
-- Name: axes_accesslog_ip_address_86b417e5; Type: INDEX; Schema: public; Owner: yogauser
--

CREATE INDEX axes_accesslog_ip_address_86b417e5 ON public.axes_accesslog USING btree (ip_address);


--
-- Name: axes_accesslog_user_agent_0e659004; Type: INDEX; Schema: public; Owner: yogauser
--

CREATE INDEX axes_accesslog_user_agent_0e659004 ON public.axes_accesslog USING btree (user_agent);


--
-- Name: axes_accesslog_user_agent_0e659004_like; Type: INDEX; Schema: public; Owner: yogauser
--

CREATE INDEX axes_accesslog_user_agent_0e659004_like ON public.axes_accesslog USING btree (user_agent varchar_pattern_ops);


--
-- Name: axes_accesslog_username_df93064b; Type: INDEX; Schema: public; Owner: yogauser
--

CREATE INDEX axes_accesslog_username_df93064b ON public.axes_accesslog USING btree (username);


--
-- Name: axes_accesslog_username_df93064b_like; Type: INDEX; Schema: public; Owner: yogauser
--

CREATE INDEX axes_accesslog_username_df93064b_like ON public.axes_accesslog USING btree (username varchar_pattern_ops);


--
-- Name: blog_blogpost_author_id_ffcc150f; Type: INDEX; Schema: public; Owner: yogauser
--

CREATE INDEX blog_blogpost_author_id_ffcc150f ON public.blog_blogpost USING btree (author_id);


--
-- Name: blog_blogpost_slug_9e84ade1_like; Type: INDEX; Schema: public; Owner: yogauser
--

CREATE INDEX blog_blogpost_slug_9e84ade1_like ON public.blog_blogpost USING btree (slug varchar_pattern_ops);


--
-- Name: classes_classcategory_slug_fe8f0be4_like; Type: INDEX; Schema: public; Owner: yogauser
--

CREATE INDEX classes_classcategory_slug_fe8f0be4_like ON public.classes_classcategory USING btree (slug varchar_pattern_ops);


--
-- Name: classes_yogaclass_category_id_ec055b16; Type: INDEX; Schema: public; Owner: yogauser
--

CREATE INDEX classes_yogaclass_category_id_ec055b16 ON public.classes_yogaclass USING btree (category_id);


--
-- Name: classes_yogaclass_instructors_instructor_id_e59b6693; Type: INDEX; Schema: public; Owner: yogauser
--

CREATE INDEX classes_yogaclass_instructors_instructor_id_e59b6693 ON public.classes_yogaclass_instructors USING btree (instructor_id);


--
-- Name: classes_yogaclass_instructors_yogaclass_id_f5378bbf; Type: INDEX; Schema: public; Owner: yogauser
--

CREATE INDEX classes_yogaclass_instructors_yogaclass_id_f5378bbf ON public.classes_yogaclass_instructors USING btree (yogaclass_id);


--
-- Name: classes_yogaclass_slug_007c3040_like; Type: INDEX; Schema: public; Owner: yogauser
--

CREATE INDEX classes_yogaclass_slug_007c3040_like ON public.classes_yogaclass USING btree (slug varchar_pattern_ops);


--
-- Name: django_admin_log_content_type_id_c4bce8eb; Type: INDEX; Schema: public; Owner: yogauser
--

CREATE INDEX django_admin_log_content_type_id_c4bce8eb ON public.django_admin_log USING btree (content_type_id);


--
-- Name: django_admin_log_user_id_c564eba6; Type: INDEX; Schema: public; Owner: yogauser
--

CREATE INDEX django_admin_log_user_id_c564eba6 ON public.django_admin_log USING btree (user_id);


--
-- Name: django_session_expire_date_a5c62663; Type: INDEX; Schema: public; Owner: yogauser
--

CREATE INDEX django_session_expire_date_a5c62663 ON public.django_session USING btree (expire_date);


--
-- Name: django_session_session_key_c0390e0f_like; Type: INDEX; Schema: public; Owner: yogauser
--

CREATE INDEX django_session_session_key_c0390e0f_like ON public.django_session USING btree (session_key varchar_pattern_ops);


--
-- Name: instructors_instructor_slug_30f12465_like; Type: INDEX; Schema: public; Owner: yogauser
--

CREATE INDEX instructors_instructor_slug_30f12465_like ON public.instructors_instructor USING btree (slug varchar_pattern_ops);


--
-- Name: auth_group_permissions auth_group_permissio_permission_id_84c5c92e_fk_auth_perm; Type: FK CONSTRAINT; Schema: public; Owner: yogauser
--

ALTER TABLE ONLY public.auth_group_permissions
    ADD CONSTRAINT auth_group_permissio_permission_id_84c5c92e_fk_auth_perm FOREIGN KEY (permission_id) REFERENCES public.auth_permission(id) DEFERRABLE INITIALLY DEFERRED;


--
-- Name: auth_group_permissions auth_group_permissions_group_id_b120cbf9_fk_auth_group_id; Type: FK CONSTRAINT; Schema: public; Owner: yogauser
--

ALTER TABLE ONLY public.auth_group_permissions
    ADD CONSTRAINT auth_group_permissions_group_id_b120cbf9_fk_auth_group_id FOREIGN KEY (group_id) REFERENCES public.auth_group(id) DEFERRABLE INITIALLY DEFERRED;


--
-- Name: auth_permission auth_permission_content_type_id_2f476e4b_fk_django_co; Type: FK CONSTRAINT; Schema: public; Owner: yogauser
--

ALTER TABLE ONLY public.auth_permission
    ADD CONSTRAINT auth_permission_content_type_id_2f476e4b_fk_django_co FOREIGN KEY (content_type_id) REFERENCES public.django_content_type(id) DEFERRABLE INITIALLY DEFERRED;


--
-- Name: auth_user_groups auth_user_groups_group_id_97559544_fk_auth_group_id; Type: FK CONSTRAINT; Schema: public; Owner: yogauser
--

ALTER TABLE ONLY public.auth_user_groups
    ADD CONSTRAINT auth_user_groups_group_id_97559544_fk_auth_group_id FOREIGN KEY (group_id) REFERENCES public.auth_group(id) DEFERRABLE INITIALLY DEFERRED;


--
-- Name: auth_user_groups auth_user_groups_user_id_6a12ed8b_fk_auth_user_id; Type: FK CONSTRAINT; Schema: public; Owner: yogauser
--

ALTER TABLE ONLY public.auth_user_groups
    ADD CONSTRAINT auth_user_groups_user_id_6a12ed8b_fk_auth_user_id FOREIGN KEY (user_id) REFERENCES public.auth_user(id) DEFERRABLE INITIALLY DEFERRED;


--
-- Name: auth_user_user_permissions auth_user_user_permi_permission_id_1fbb5f2c_fk_auth_perm; Type: FK CONSTRAINT; Schema: public; Owner: yogauser
--

ALTER TABLE ONLY public.auth_user_user_permissions
    ADD CONSTRAINT auth_user_user_permi_permission_id_1fbb5f2c_fk_auth_perm FOREIGN KEY (permission_id) REFERENCES public.auth_permission(id) DEFERRABLE INITIALLY DEFERRED;


--
-- Name: auth_user_user_permissions auth_user_user_permissions_user_id_a95ead1b_fk_auth_user_id; Type: FK CONSTRAINT; Schema: public; Owner: yogauser
--

ALTER TABLE ONLY public.auth_user_user_permissions
    ADD CONSTRAINT auth_user_user_permissions_user_id_a95ead1b_fk_auth_user_id FOREIGN KEY (user_id) REFERENCES public.auth_user(id) DEFERRABLE INITIALLY DEFERRED;


--
-- Name: axes_accessattemptexpiration axes_accessattemptex_access_attempt_id_6b73a47a_fk_axes_acce; Type: FK CONSTRAINT; Schema: public; Owner: yogauser
--

ALTER TABLE ONLY public.axes_accessattemptexpiration
    ADD CONSTRAINT axes_accessattemptex_access_attempt_id_6b73a47a_fk_axes_acce FOREIGN KEY (access_attempt_id) REFERENCES public.axes_accessattempt(id) DEFERRABLE INITIALLY DEFERRED;


--
-- Name: blog_blogpost blog_blogpost_author_id_ffcc150f_fk_auth_user_id; Type: FK CONSTRAINT; Schema: public; Owner: yogauser
--

ALTER TABLE ONLY public.blog_blogpost
    ADD CONSTRAINT blog_blogpost_author_id_ffcc150f_fk_auth_user_id FOREIGN KEY (author_id) REFERENCES public.auth_user(id) DEFERRABLE INITIALLY DEFERRED;


--
-- Name: classes_yogaclass classes_yogaclass_category_id_ec055b16_fk_classes_c; Type: FK CONSTRAINT; Schema: public; Owner: yogauser
--

ALTER TABLE ONLY public.classes_yogaclass
    ADD CONSTRAINT classes_yogaclass_category_id_ec055b16_fk_classes_c FOREIGN KEY (category_id) REFERENCES public.classes_classcategory(id) DEFERRABLE INITIALLY DEFERRED;


--
-- Name: classes_yogaclass_instructors classes_yogaclass_in_instructor_id_e59b6693_fk_instructo; Type: FK CONSTRAINT; Schema: public; Owner: yogauser
--

ALTER TABLE ONLY public.classes_yogaclass_instructors
    ADD CONSTRAINT classes_yogaclass_in_instructor_id_e59b6693_fk_instructo FOREIGN KEY (instructor_id) REFERENCES public.instructors_instructor(id) DEFERRABLE INITIALLY DEFERRED;


--
-- Name: classes_yogaclass_instructors classes_yogaclass_in_yogaclass_id_f5378bbf_fk_classes_y; Type: FK CONSTRAINT; Schema: public; Owner: yogauser
--

ALTER TABLE ONLY public.classes_yogaclass_instructors
    ADD CONSTRAINT classes_yogaclass_in_yogaclass_id_f5378bbf_fk_classes_y FOREIGN KEY (yogaclass_id) REFERENCES public.classes_yogaclass(id) DEFERRABLE INITIALLY DEFERRED;


--
-- Name: django_admin_log django_admin_log_content_type_id_c4bce8eb_fk_django_co; Type: FK CONSTRAINT; Schema: public; Owner: yogauser
--

ALTER TABLE ONLY public.django_admin_log
    ADD CONSTRAINT django_admin_log_content_type_id_c4bce8eb_fk_django_co FOREIGN KEY (content_type_id) REFERENCES public.django_content_type(id) DEFERRABLE INITIALLY DEFERRED;


--
-- Name: django_admin_log django_admin_log_user_id_c564eba6_fk_auth_user_id; Type: FK CONSTRAINT; Schema: public; Owner: yogauser
--

ALTER TABLE ONLY public.django_admin_log
    ADD CONSTRAINT django_admin_log_user_id_c564eba6_fk_auth_user_id FOREIGN KEY (user_id) REFERENCES public.auth_user(id) DEFERRABLE INITIALLY DEFERRED;


--
-- PostgreSQL database dump complete
--

\unrestrict PXgj3aNqTh354RMfRa9Okh7m4hrur7a0sahbKtnd8qU0TdSV9ObKVpAKCDuaBYh

